"Facility";"Reactor";"Assembly Type";"Assembly ID";"Enrichment";"Uranium";"Burnup";"Discharge Date";"Measurement date";"Cooling time";"Measures decay heat";"Calculated decay heat";"Reactor Type"
"GE-Morris";"Point Beach";"14x14";"C-52";3.397;386.54;31914;"3/311977";"8/23/1981";1635;724;718.6;"PWR"
"GE-Morris";"Point Beach";"14x14";"C-56";3.397;386.8;38917;"3/3/1977";"8/24/1981";1634;921;917.2;"PWR"
"GE-Morris";"Point Beach";"14x14";"CG64";3.397;386.63;39384;"3/3/1977";"8/23/1981";1633;931;931.2;"PWR"
"GE-Morris";"Point Beach";"14x14";"C-66";3.397;386.54;35433;"3/3/1977";"8/20/1981";1630;846;834.2;"PWR"
"GE-Morris";"Point Beach";"14x14";"C-67";3.397;386.45;38946;"3/3/1977";"8/19/1981";1629;934;919.5;"PWR"
"GE-Morris";"Point Beach";"14x14";"C-68";3.397;386.36;37059;"3/3/1977";"8/20/1981";1630;874;876.2;"PWR"
"GE-Morris";"San Onofre";"14x14";"C-01";3.865;361.72;26540;"6/2/1973";"8/30/1981";3011;359;360;"PWR"
"GE-Morris";"San Onofre";"14x14";"C-16";3.865;361.72;28462;"6/2/1973";"8/31/1981";3012;384;388.6;"PWR"
"GE-Morris";"San Onofre";"14x14";"C-19";3.865;361.72;30426;"6/2/1973";"8/30/1981";3011;418;417.2;"PWR"
"GE-Morris";"San Onofre";"14x14";"C-20";3.865;361.72;32363;"6/2/1973";"8/2911981";3011;456;447.2;"PWR"
"GE-Morris";"San Onofre";"14x14";"D-01";4.005;363.64;31393;"3/14/1975";"8/27/1981";2358;499;489.9;"PWR"
"GE-Morris";"San Onofre";"14x14";"D-46";4.005;363.64;32318;"3/14/1975";"8/29/1981";2360;510;507.8;"PWR"
"GE-Morris";"San Onofre";"14x14";"E-18";4.005;363.98;32357;"9/30/1976";"8/28/1981";1794;635;630.7;"PWR"
"GE-Morris";"San Onofre";"14x14";"F-04";3.996;372.32;30429;"9/15/1978";"8/28/1981";1078;934;927.3;"PWR"
"HEDL";"Turkey Point";"15x15";"B-43";2.559;447.79;25595;"10/26/1975";"9/11/1980";1782;637;619.9;"PWR"
"HEDL";"Turkey Point";"15x15";"D-15";2.557;456.12;28430;"11/24/1977";"7/8/1980";957;1423;1444;"PWR"
"HEDL";"Turkey Point";"15x15";"D-15";2.557;456.12;28430;"11/24/1977";"1/6/1981";1139;1126;1175;"PWR"
"HEDL";"Turkey Point";"15x15";"D-15";2.557;456.12;28430;"11/24/1977";"7/28/1983";2072;625;623.8;"PWR"
"HEDL";"Turkey Point";"15x15";"D-22";2.557;458;26485;"11/24/1977";"7/9/1980";958;1284;1280;"PWR"
"HEDL";"Turkey Point";"15x15";"D-34";2.557;455.24;27863;"11/24/1977";"4/1/1980";859;1550;1590;"PWR"
"GE-Morris";"Cooper";"7x7";"CZI02";1.09;195.48;11667;"9/17/1977";"9/25/1984";2565;62.3;80;"BWR"
"GE-Morris";"Cooper";"7x7";"CZ102";1.09;195.48;11667;"9/17/1977";"12/14/1984";2645;70.4;78.7;"BWR"
"GE-Morris";"Cooper";"7x7";"CZ147";2.5;190.31;26709;"4/20/1981";"11/4/1984";1294;276.7;282.7;"BWR"
"GE-Morris";"Cooper";"7x7";"CZ148";2.5;190.22;26310;"4/20/1981";"10/23/1984";1282;273.5;280.2;"BWR"
"GE-Morris";"Cooper";"7x7";"CZ182";2.5;190.09;26823;"5/21/1982";"9/27/1984";860;342.6;344.1;"BWR"
"GE-Morris";"Cooper";"7x7";"CZ195";2.5;190.68;26391;"4/20/1981";"10/29/1984";1288;255.5;277.2;"BWR"
"GE-Morris";"Cooper";"7x7";"CZ205";2.5;190.72;25344;"5/21/1982";"9/24/1984";857;324;314;"BWR"
"GE-Morris";"Cooper";"7x7";"CZ205";2.5;190.72;25344;"5/21/1982";"10/4/1984";867;361.5;311.2;"BWR"
"GE-Morris";"Cooper";"7x7";"CZ205";2.5;190.72;25344;"5/21/1982";"10/8/1984";871;343.5;310;"BWR"
"GE-Morris";"Cooper";"7x7";"CZ205";2.5;190.72;25344;"5/21/1982";"10/9/1984";872;353.2;309.8;"BWR"
"GE-Morris";"Cooper";"7x7";"CZ205";2.5;190.72;25344;"5/21/1982";"10/23/1984";886;331.8;306;"BWR"
"GE-Morris";"Cooper";"7x7";"CZ205";2.5;190.72;25344;"5/21/1982";"10/24/1984";887;338.7;305.7;"BWR"
"GE-Morris";"Cooper";"7x7";"CZ205";2.5;190.72;25344;"5/21/1982";"10/29/1984";892;327.5;304.4;"BWR"
"GE-Morris";"Cooper";"7x7";"CZ205";2.5;190.72;25344;"5/21/1982";"11/2/1984";896;313.1;303.3;"BWR"
"GE-Morris";"Cooper";"7x7";"CZ205";2.5;190.72;25344;"5/21/1982";"11/5/1984";899;311.4;302.5;"BWR"
"GE-Morris";"Cooper";"7x7";"CZ205";2.5;190.72;25344;"5/21/1982";"12/6/1984";930;314;294.7;"BWR"
"GE-Morris";"Cooper";"7x7";"CZ205";2.5;190.72;25344;"5/21/1982";"12/12/1984";936;331.2;293.2;"BWR"
"GE-Morris";"Cooper";"7x7";"CZ205";2.5;190.72;25344;"5/21/1982";"12/22/1984";946;317.1;290.9;"BWR"
"GE-Morris";"Cooper";"7x7";"CZ205";2.5;190.72;25344;"5/21/1982";"5/13/1985";1088;289.7;261.8;"BWR"
"GE-Morris";"Cooper";"7x7";"CZ205";2.5;190.72;25344;"5/21/1982";"5/28/1985";1103;308;259.1;"BWR"
"GE-Morris";"Cooper";"7x7";"CZ209";2.5;190.38;25383;"5/21/1982";"10/28/1984";891;279.5;277.2;"BWR"
"GE-Morris";"Cooper";"7x7";"CZ211";2.5;190.82;26679;"4/20/1981";"10/1/1984";1260;296;289.3;"BWR"
"GE-Morris";"Cooper";"7x7";"CZ211";2.5;190.82;26679;"4/20/1981";"5/20/1985";1491;240.3;252.5;"BWR"
"GE-Morris";"Cooper";"7x7";"CZ222";2.5;190.9;26692;"5/21/1982";"11/4/1984";898;355.7;327.5;"BWR"
"GE-Morris";"Cooper";"7x7";"CZ225";2.5;190.51;25796;"5/21/1982";"10/2/1984";865;333.5;304.2;"BWR"
"GE-Morris";"Cooper";"7x7";"CZ239";2.5;189.57;27246;"5/21/1982";"10/30/1984";893;366.5;337.3;"BWR"
"GE-Morris";"Cooper";"7x7";"CZ246";2.5;189.81;27362;"5/21/1982";"11/2/1984";896;320.9;341.8;"BWR"
"GE-Morris";"Cooper";"7x7";"CZ246";2.5;189.81;27362;"5/21/1982";"11/5/1984";899;341.7;340.9;"BWR"
"GE-Morris";"Cooper";"7x7";"CZ259";2.5;190.2;26466;"4/20/1981";"10/29/1984";1288;247.6;277.1;"BWR"
"GE-Morris";"Cooper";"7x7";"CZ259";2.5;190.2;26466;"4/20/1981";"12/20/1984";1340;288.5;268.4;"BWR"
"GE-Morris";"Cooper";"7x7";"CZ259";2.5;190.2;26466;"4/20/1981";"5/14/1985";1485;254.1;247.8;"BWR"
"GE-Morris";"Cooper";"7x7";"CZ264";2.5;190.89;26496;"4/20/1981";"10/23/1984";1282;263.8;280.3;"BWR"
"GE-Morris";"Cooper";"7x7";"CZ277";2.5;189.49;26747;"4/20/1981";"10/27/1984";1286;262.7;276.8;"BWR"
"GE-Morris";"Cooper";"7x7";"CZ277";2.5;189.49;26747;"4/20/1981";"5/26/1985";1497;243;245.7;"BWR"
"GE-Morris";"Cooper";"7x7";"CZ286";2.5;189.95;27141;"5/21/1982";"12/6/1984";930;278.4;308.3;"BWR"
"GE-Morris";"Cooper";"7x7";"CZ286";2.5;189.95;27141;"5/21/1982";"5/28/1985";1103;284.2;273.1;"BWR"
"GE-Morris";"Cooper";"7x7";"CZ296";2.5;190.5;26388;"4/20/1981";"11/3/1984";1293;256.7;283.8;"BWR"
"GE-Morris";"Cooper";"7x7";"CZ296";2.5;190.5;26388;"4/20/1981";"5/21/1985";1492;251.9;252.2;"BWR"
"GE-Morris";"Cooper";"7x7";"CZ302";2.5;190;26594;"4/20/1981";"10/24/1984";1283;285.6;276.7;"BWR"
"GE-Morris";"Cooper";"7x7";"CZ308";2.5;189.78;25815;"5/21/1982";"11/1/1984";895;269.7;282.2;"BWR"
"GE-Morris";"Cooper";"7x7";"CZ311";2.5;189.91;27392;"5/21/1982";"10/27/1984";890;356.9;320.3;"BWR"
"GE-Morris";"Cooper";"7x7";"CZ315";2.5;189.96;26881;"5/21/1982";"12/8/1984";932;328;299.3;"BWR"
"GE-Morris";"Cooper";"7x7";"CZ318";2.5;189.32;26568;"5/21/1982";"12/7/1984";931;277.6;280.8;"BWR"
"GE-Morris";"Cooper";"7x7";"CZ331";2.5;190.36;21332;"3/31/1978";"9/24/1984";2369;162.8;156.3;"BWR"
"GE-Morris";"Cooper";"7x7";"CZ331";2.5;190.36;21332;"3/31/1978";"12/21/1984";2457;180.1;153;"BWR"
"GE-Morris";"Cooper";"7x7";"CZ337";2.5;189.9;26720;"5/21/1982";"11/1/1984";895;347.7;325.9;"BWR"
"GE-Morris";"Cooper";"7x7";"CZ337";2.5;189.9;26720;"5/21/1982";"5/24/1985";1099;300.4;278.4;"BWR"
"GE-Morris";"Cooper";"7x7";"CZ342";2.5;190.16;27066;"5/21/1982";"12/7/1984";931;280.1;302.1;"BWR"
"GE-Morris";"Cooper";"7x7";"CZ342";2.5;190.16;27066;"5/21/1982";"5/26/1985";1101;300;268.6;"BWR"
"GE-Morris";"Cooper";"7x7";"CZ346";2.5;190.23;28048;"5/21/1982";"10/27/1984";890;388.7;354;"BWR"
"GE-Morris";"Cooper";"7x7";"CZ348";2.5;190.38;27480;"5/21/1982";"10/31/1984";894;342.8;335;"BWR"
"GE-Morris";"Cooper";"7x7";"CZ351";2.5;190.02;25753;"5/21/1982";"12/10/1984";934;313.8;281.4;"BWR"
"GE-Morris";"Cooper";"7x7";"CZ355";2.5;190.6;25419;"5/21/1982";"10/28/1984";891;290.5;278.4;"BWR"
"GE-Morris";"Cooper";"7x7";"CZ357";2.5;190.19;27140;"5/21/1982";"12/8/1984";932;320.3;308.1;"BWR"
"GE-Morris";"Cooper";"7x7";"CZ369";2.5;190.2;26575;"5/21/1982";"10/25/1984";888;347.6;323.4;"BWR"
"GE-Morris";"Cooper";"7x7";"CZ370";2.5;190.23;26342;"4/20/1981";"9/28/1984";1257;293.6;278.6;"BWR"
"GE-Morris";"Cooper";"7x7";"CZ372";2.5;190.01;25848;"4/20/1981";"9/27/1984";1256;294.3;263.7;"BWR"
"GE-Morris";"Cooper";"7x7";"CZ379";2.5;190.18;25925;"5/21/1982";"11/4/1984";898;287.4;281.3;"BWR"
"GE-Morris";"Cooper";"7x7";"CZ398";2.5;189.83;27478;"5/21/1982";"10/27/1984";890;372;338.8;"BWR"
"GE-Morris";"Cooper";"7x7";"CZ415";2.5;189.72;25863;"4/20/1981";"9/26/1984";1255;289.3;272.8;"BWR"
"GE-Morris";"Cooper";"7x7";"CZ416";2.5;189.43;27460;"5/21/1982";"10/31/1984";894;319.8;318;"BWR"
"GE-Morris";"Cooper";"7x7";"CZ429";2.5;190.07;27641;"5/21/1982";"10/26/1984";889;385.6;348.3;"BWR"
"GE-Morris";"Cooper";"7x7";"CZ430";2.5;189.93;26824;"5/21/1982";"10/31/1984";894;353.3;324.1;"BWR"
"GE-Morris";"Cooper";"7x7";"CZ433";2.5;190.02;25977;"4/20/1981";"9/26/1984";1255;287.4;264.1;"BWR"
"GE-Morris";"Cooper";"7x7";"CZ433";2.5;190.02;25977;"4/20/1981";"5/21/1985";1492;256.7;231.3;"BWR"
"GE-Morris";"Cooper";"7x7";"CZ460";2.5;190.18;26511;"5/21/1982";"12/9/1984";933;313.5;292.4;"BWR"
"GE-Morris";"Cooper";"7x7";"CZ466";2.5;189.86;26077;"5/21/1982";"9/28/1984";861;302.1;292.5;"BWR"
"GE-Morris";"Cooper";"7x7";"CZ468";2.5;189.78;26757;"5/21/1982";"12/11/1984";935;325.3;300.2;"BWR"
"GE-Morris";"Cooper";"7x7";"CZ472";2.5;190.12;25957;"5/21/1982";"9/26/1984";859;325;319.7;"BWR"
"GE-Morris";"Cooper";"7x7";"CZ473";2.5;189.76;26517;"5/21/1982";"12/10/1984";934;293.2;281.2;"BWR"
"GE-Morris";"Cooper";"7x7";"CZ498";2.5;189.69;26482;"5/21/1982";"10/25/1984";888;359.4;324.3;"BWR"
"GE-Morris";"Cooper";"7x7";"CZ508";2.5;190.68;26357;"5/21/1982";"12/9/1984";933;310;293.4;"BWR"
"GE-Morris";"Cooper";"7x7";"CZ515";2.5;190.48;25737;"4/20/1981";"9/25/1984";1254;294;272.4;"BWR"
"GE-Morris";"Cooper";"7x7";"CZ515";2.5;190.48;25737;"4/20/1981";"10/26/1984";1285;296;266.9;"BWR"
"GE-Morris";"Cooper";"7x7";"CZ526";2.5;190.54;27596;"5/21/1982";"10/1/1984";864;395.4;356.7;"BWR"
"GE-Morris";"Cooper";"7x7";"CZ526";2.5;190.54;27596;"5/21/1982";"5/22/1985";1097;321.8;296;"BWR"
"GE-Morris";"Cooper";"7x7";"CZ528";2.5;190.81;25714;"4/20/1981";"10/25/1984";1284;297.6;267.3;"BWR"
"GE-Morris";"Cooper";"7x7";"CZ531";2.5;189.9;26699;"5/21/1982";"10/30/1984";893;347.2;323.2;"BWR"
"GE-Morris";"Cooper";"7x7";"CZ536";2.5;190.17;26589;"4/20/1981";"9/27/1984";1256;295.2;262.2;"BWR"
"GE-Morris";"Cooper";"7x7";"CZ542";2.5;189.99;26691;"5/21/1982";"12/8/1984";932;311.9;295.2;"BWR"
"GE-Morris";"Cooper";"7x7";"CZ545";2.5;190.47;26668;"5/21/1982";"12/11/1984";935;295.2;285;"BWR"
"GE-Morris";"Dresden";"7x7";"DN212";2.13;194.7;5280;"9/17/1976";"10/3/1984";2938;31.2;34.8;"BWR"
"GE-Morris";"Dresden";"7x7";"DN212";2.13;194.7;5280;"9/17/1976";"10/18/1984";2953;19.5;34.7;"BWR"
"GE-Morris";"Monticello";"7x7";"MT116";2.25;193.53;18039;"9/12/1975";"6/10/1985";3559;114.9;109.2;"BWR"
"GE-Morris";"Monticello";"7x7";"MT123";2.25;193.53;13027;"3/15/1974";"6/5/1985";4100;66.8;75.7;"BWR"
"GE-Morris";"Monticello";"7x7";"MT123";2.25;193.53;13027;"3/15/1974";"6/8/1985";4103;95.3;75.7;"BWR"
"GE-Morris";"Monticello";"7x7";"MT123";2.25;193.53;13027;"3/15/1974";"6/11/1985";4106;65.9;75.7;"BWR"
"GE-Morris";"Monticello";"7x7";"MT133";2.25;193.53;20994;"9/12/1975";"5/29/1985";3547;152.6;129.1;"BWR"
"GE-Morris";"Monticello";"7x7";"MT133";2.25;193.53;20994;"9/12/1975";"6/6/1985";3555;129;129;"BWR"
"GE-Morris";"Monticello";"7x7";"MT133";2.25;193.53;20994;"9/12/1975";"6/9/1985";3558;154.8;128.9;"BWR"
"GE-Morris";"Monticello";"7x7";"MT133";2.25;193.53;20994;"9/12/1975";"6/12/1985";3561;106.7;128.9;"BWR"
"GE-Morris";"Monticello";"7x7";"MT190";2.25;193.53;15143;"9/12/1975";"6/8/1985";3557;99.2;92;"BWR"
"GE-Morris";"Monticello";"7x7";"MT228";2.25;193.53;12123;"9/12/1975";"5/30/1985";3548;101;73.3;"BWR"
"GE-Morris";"Monticello";"7x7";"MT228";2.25;193.53;12123;"9/12/1975";"6/7/1985";3556;71.2;73.3;"BWR"
"GE-Morris";"Monticello";"7x7";"MT228";2.25;193.53;12123;"9/12/1975";"6/11/1985";3560;76.4;73.3;"BWR"
"GE-Morris";"Monticello";"7x7";"MT264";2.25;193.53;9160;"9/12/1975";"6/5/1985";3554;46.1;54.4;"BWR"
"Clab";"Ringhals 2";"15x15";"C01";3.095;455.79;36688;"4/4/1981";"6/10/2004";8468;415.8;423.6;"PWR"
"Clab";"Ringhals 2";"15x15";"C12";3.095;453.74;36385;"4/4/1981";"4/6/2004";8403;410.3;418.9;"PWR"
"Clab";"Ringhals 2";"15x15";"C20";3.095;454.76;35720;"4/4/1985";"4/14/2004";6950;415.8;433.9;"PWR"
"Clab";"Ringhals 2";"15x15";"C20";3.095;454.76;35720;"4/4/1985";"4/15/2004";6951;426;433.8;"PWR"
"Clab";"Ringhals 2";"15x15";"C20";3.095;454.76;35720;"4/4/1985";"4/16/2004";6952;428.9;433.8;"PWR"
"Clab";"Ringhals 2";"15x15";"C20";3.095;454.76;35720;"4/4/1985";"4/23/2004";6959;435.7;433.7;"PWR"
"Clab";"Ringhals 2";"15x15";"D27";3.252;432.59;39676;"4/28/1983";"4/26/2004";7669;456.1;455.6;"PWR"
"Clab";"Ringhals 2";"15x15";"D38";3.252;434.21;39403;"5/6/1982";"4/5/2004";8005;442.3;446.1;"PWR"
"Clab";"Ringhals 2";"15x15";"E38";3.199;433.59;33973;"5/6/1982";"3/30/2004";7999;376.3;376.7;"PWR"
"Clab";"Ringhals 2";"15x15";"E38";3.199;433.59;33973;"5/6/1982";"3/31/2004";8000;374.3;376.7;"PWR"
"Clab";"Ringhals 2";"15x15";"E40";3.199;434.24;34339;"5/6/1982";"6/14/2004";8075;381.3;380.6;"PWR"
"Clab";"Ringhals 2";"15x15";"F14";3.197;436.38;34009;"4/28/1983";"6/18/2004";7722;381.8;385.6;"PWR"
"Clab";"Ringhals 2";"15x15";"F21";3.197;435.94;36273;"4/13/1984";"6/23/2004";7376;420.9;420.5;"PWR"
"Clab";"Ringhals 2";"15x15";"F25";3.197;437.29;35352;"4/28/1983";"6/21/2004";7725;396.7;403.5;"PWR"
"Clab";"Ringhals 2";"15x15";"F32";3.197;436.99;50962;"5/12/1988";"5/28/2004";5860;692;697.8;"PWR"
"Clab";"Ringhals 2";"15x15";"G11";3.188;436.18;35463;"4/4/1985";"5/24/2004";6990;416.4;415.7;"PWR"
"Clab";"Ringhals 2";"15x15";"G23";3.206;436.13;35633;"4/4/1985";"5/18/2004";6984;420.6;422.2;"PWR"
"Clab";"Ringhals 2";"15x15";"I09";3.203;437.35;40188;"5/12/1988";"5/17/2004";5849;507.9;518.7;"PWR"
"Clab";"Ringhals 2";"15x15";"I24";3.203;429.6;34294;"4/30/1986";"5/26/2004";6601;410.1;405.9;"PWR"
"Clab";"Ringhals 2";"15x15";"I25";3.203;433.06;36859;"4/25/1987";"4/13/2004";6198;445.8;454;"PWR"
"Clab";"Ringhals 3";"17x17";"0C9";3.101;457.64;38442;"5/30/1986";"5/6/2004";6551;491.2;508.3;"PWR"
"Clab";"Ringhals 3";"17x17";"0E2";3.103;463.6;41628;"7/7/1988";"6/16/2004";5823;587.9;588.6;"PWR"
"Clab";"Ringhals 3";"17x17";"0E6";3.103;461.77;35993;"7/7/1988";"6/22/2004";5829;487.8;491.8;"PWR"
"Clab";"Ringhals 3";"17x17";"1C2";3.101;459.05;33318;"5/30/1986";"5/14/2004";6559;417.7;426.2;"PWR"
"Clab";"Ringhals 3";"17x17";"IC5";3.101;457.99;38484;"5/30/1986";"6/17/2004";6593;499.2;508.3;"PWR"
"Clab";"Ringhals 3";"17x17";"IE5";3.103;463.9;34638;"7/7/1988";"6/11/2004";5818;468.8;472.4;"PWR"
"Clab";"Ringhals 3";"17x17";"2A5";2.1;462.03;20107;"5/11/1984";"5/3/2004";7297;233.8;240.2;"PWR"
"Clab";"Ringhals 3";"17x17";"2C2";3.101;459.49;36577;"5/30/1986";"5/5/2004";6550;466.5;476.2;"PWR"
"Clab";"Ringhals 3";"17x17";"3C1";3.101;458.43;36572;"5/30/1986";"4/30/2004";6545;470.2;475.1;"PWR"
"Clab";"Ringhals 3";"17x17";"3C5";3.101;458.87;38373;"5/30/1986";"4/28/2004";6543;501.4;508.8;"PWR"
"Clab";"Ringhals 3";"17x17";"3C9";3.101;459.14;36560;"5/30/1986";"5/7/2004";6552;468.4;475.5;"PWR"
"Clab";"Ringhals 3";"17x17";"4C4";3.101;459.05;33333;"5/30/1986";"5/27/2004";6572;422;426.3;"PWR"
"Clab";"Ringhals 3";"17x17";"4C7";3.101;458.26;38370;"5/30/1986";"5/4/2004";6549;498.7;507.9;"PWR"
"Clab";"Ringhals 3";"17x17";"5A3";2.1;461.48;19699;"5/11/1984";"6/13/2003";6972;237.7;238.5;"PWR"
"Clab";"Ringhals 3";"17x17";"5A3";2.1;461.48;19699;"5/11/1984";"6/16/2003";6975;236.7;238.5;"PWR"
"Clab";"Ringhals 3";"17x17";"5A3";2.1;461.48;19699;"5/11/1984";"6/18/2003";6977;243.4;238.5;"PWR"
"Clab";"Ringhals 3";"17x17";"5A3";2.1;461.48;19699;"5/11/1984";"4/27/2004";7291;230.9;234.9;"PWR"
"Clab";"Ringhals 3 ";"17x17";"5A3";2.1;461.48;19699;"5/11/1984";"5/10/2004";7304;230.3;234.8;"PWR"
"Clab";"Barsebäck 1";"8x8";"9329";2.92;178.77;41127;"9/17/1988";"6/2/2003";5371;222.8;221.2;"BWR"
"Clab";"Barsebäck 1";"8x8";"9329";2.92;178.77;41127;"9/17/1988";"6/4/2003";5373;224.4;221.1;"BWR"
"Clab";"Barsebäck 1";"8x8";"9329";2.92;178.77;41127;"9/17/1988";"11/20/2003";5542;218.7;218.6;"BWR"
"Clab";"Barsebäck 1";"8x8";"10288";2.95;179.16;35218;"9/17/1988";"11/12/2003";5534;185.8;183.5;"BWR"
"Clab";"Barsebäck 2";"8x8";"14076";3.15;179.57;40010;"7/2/1992";"12/9/2003";4177;240.3;235.2;"BWR"
"Clab";"Forsmark 1";"8x8";"3838";2.086;177.9;25669;"7/10/1992";"12/10/2003";4170;126.8;131.7;"BWR"
"Clab";"Forsmark 1";"8x8";"3838";2.086;177.9;25669;"7/10/1992";"12/11/2003";4171;125.9;131.6;"BWR"
"Clab";"Forsmark 1";"8x8";"KU0100";2.976;174.92;34193;"8/17/1990";"1/9/2004";4893;185.3;177.9;"BWR"
"Clab";"Forsmark 1";"9x9";"KU0269";2.938;177.02;35113;"8/17/1990";"1/19/2004";4903;192.7;192.2;"BWR"
"Clab";"Forsmark 1";"9x9";"KU0278";2.939;177.13;35323;"5/24/1991";"12/22/2003";4595;195.4;194.4;"BWR"
"Clab";"Forsmark 1";"9x9";"KU0282";2.939;177.1;37896;"5/24/1991";"12/1/2003";4574;218.5;212.2;"BWR"
"Clab";"Forsmark 2";"8x8";"5535";2.095;177.69;19944;"7/15/1988";"12/18/2003";5634;84.6;92.4;"BWR"
"Clab";"Forsmark 2";"8x8";"11494";2.92;181.09;32431;"7/15/1988";"12/2/2003";5618;166;165.8;"BWR"
"Clab";"Forsmark 2";"8x8";"11495";2.91;181.07;32431;"7/15/1988";"11/7/2003";5593;167.6;166.6;"BWR"
"Clab";"Forsmark 2";"8x8";"13775";2.85;181.34;32837;"7/12/1991";"12/19/2003";4543;178.4;178.8;"BWR"
"Clab";"Forsmark 3";"10x10";"13847";2.769;180.67;31275;"7/13/1990";"11/13/2003";4871;170.3;168.4;"BWR"
"Clab";"Forsmark 3";"10x10";"13847";2.769;180.67;31275;"7/13/1990";"11/13/2003";4871;169.6;168.4;"BWR"
"Clab";"Forsmark 3";"10x10";"13848";2.769;180.67;31275;"7/13/1990";"11/24/2003";4882;170.7;168.3;"BWR"
"Clab";"Ringhals 1";"8x8";"1177";2.642;180.59;36242;"8/2/1985";"11/26/2003";6690;177.9;173.6;"BWR"
"Clab";"Ringhals 1";"8x8";"1186";2.64;180.52;30498;"8/2/1985";"11/10/2003";6674;140.8;142.2;"BWR"
"Clab";"Ringhals 1";"8x8";"6423";2.9;177.7;35109;"8/5/1988";"2/12/2004";5669;174.2;175.3;"BWR"
"Clab";"Ringhals 1";"8x8";"6432";2.894;177.52;36861;"8/5/1988";"6/10/2003";5422;185.5;186.5;"BWR"
"Clab";"Ringhals 1";"8x8";"6432";2.894;177.52;36861;"8/5/1988";"6/12/2003";5424;189.5;186.5;"BWR"
"Clab";"Ringhals 1";"8x8";"6432";2.894;177.52;36861;"8/5/1988";"2/13/2004";5670;184.4;183.6;"BWR"
"Clab";"Ringhals 1";"8x8";"6432";2.894;177.52;36861;"8/5/1988";"2/23/2004";5680;182.8;183.5;"BWR"
"Clab";"Ringhals 1";"8x8";"6432";2.894;177.52;36861;"8/5/1988";"2/24/2004";5681;185.2;183.5;"BWR"
"Clab";"Ringhals 1";"8x8";"6432";2.894;177.52;36861;"8/5/1988";"3/1/2004";5687;181.6;183.4;"BWR"
"Clab";"Ringhals 1";"8x8";"6432";2.894;177.52;36861;"8/5/1988";"3/2/2004";5688;182;183.4;"BWR"
"Clab";"Ringhals 1";"8x8";"6454";2.898;177.68;37236;"8/15/1986";"2/17/2004";6395;186.3;180.6;"BWR"
"Clab";"Ringhals 1";"8x8";"8327";2.904;177.54;37851;"8/6/1991";"3/10/2004";4600;196.9;200.7;"BWR"
"Clab";"Ringhals 1";"8x8";"8331";2.91;177.69;35903;"9/15/1989";"3/11/2004";5291;187;183.3;"BWR"
"Clab";"Ringhals 1";"8x8";"8332";2.895;177.52;34977;"8/5/1988";"3/4/2004";5690;168.1;172.1;"BWR"
"Clab";"Ringhals 1";"8x8";"8338";2.911;177.6;34830;"8/5/1988";"3/9/2004";5695;169.5;172;"BWR"
"Clab";"Oskarshamn 2";"8x8";"1377";2.201;183.58;14546;"5/13/1977";"1/22/2004";9750;56.2;59.2;"BWR"
"Clab";"Oskarshamn 2";"8x8";"1389";2.201;183.65;19481;"7/15/1981";"11/28/2003";8171;83.9;83.2;"BWR"
"Clab";"Oskarshamn 2";"8x8";"1546";2.201;183.97;24470;"8/19/1983";"1/16/2004";7455;108.1;110.6;"BWR"
"Clab";"Oskarshamn 2";"8x8";"1696";2.201;184.25;20870;"8/19/1983";"12/3/2003";7411;92.4;93.6;"BWR"
"Clab";"Oskarshamn 2";"8x8";"1704";2.201;184.02;19437;"7/23/1982";"12/8/2003";7808;84;84;"BWR"
"Clab";"Oskarshamn 2";"8x8";"2995";2.699;179.38;29978;"7/15/1981";"1/7/2004";8211;130.5;131.2;"BWR"
"Clab";"Oskarshamn 2";"8x8";"6350";2.875;179;27675;"6/7/1985";"12/4/2003";6754;126.9;128.9;"BWR"
"Clab";"Oskarshamn 2";"8x8";"6350";2.875;179;27675;"6/7/1985";"12/5/2003";6755;129.4;128.9;"BWR"
"Clab";"Oskarshamn 2";"8x8";"12684";2.902;182.32;46648;"8/2/1991";"12/16/2003";4519;282.7;279.1;"BWR"
"Clab";"Oskarshamn 3";"8x8";"12078";2.577;177.36;25160;"7/8/1988";"11/18/2003";5611;120.2;125.6;"BWR"
"Clab";"Oskarshamn 3";"10x10";"13628";2.711;180.77;35619;"6/24/1991";"1/8/2004";4581;194;196.2;"BWR"
"Clab";"Oskarshamn 3";"10x10";"13630";2.711;180.78;40363;"6/24/1991";"12/12/2003";4554;235.7;232.3;"BWR"
"Clab";"Ringhals 3";"17x17";"2A5";2.1;462.03;20107;"5/11/1984";;7699;227.1;;"PWR"
"Clab";"Ringhals 3";"17x17";"5A3";2.1;461.48;19699;"5/11/1984";;7683;225.8;;"PWR"
"Clab";"Ringhals 3";"17x17";"5A3";2.1;461.48;19699;"5/11/1984";;7691;227.9;;"PWR"
"Clab";"Ringhals 3";"17x17";"5A3";2.1;461.48;19699;"5/11/1984";;9467;209.8;;"PWR"
"Clab";"Ringhals 3";"17x17";"3C1";3.101;458.43;36572;"5/30/1986";;6949;454.1;;"PWR"
"Clab";"Ringhals 3";"17x17";"2C2";3.101;459.49;36577;"5/30/1986";;6954;454.22;;"PWR"
"Clab";"Ringhals 3";"17x17";"2C2";3.101;459.49;36577;"5/30/1986";;6955;458.1;;"PWR"
"Clab";"Ringhals 3";"17x17";"3C5";3.101;458.87;38373;"5/30/1986";;6943;489.9;;"PWR"
"Clab";"Ringhals 3";"17x17";"3C5";3.101;458.87;38373;"5/30/1986";;6948;486.5;;"PWR"
"Clab";"Ringhals 3";"17x17";"3C5";3.101;458.87;38373;"5/30/1986";;8713;442.37;;"PWR"
"Clab";"Ringhals 3";"17x17";"1C5";3.101;457.99;38484;"5/30/1986";;8599;446.9;;"PWR"
"Clab";"Ringhals 3";"17x17";"0E2";3.103;463.6;41628;"7/7/1988";;6389;566;;"PWR"
"Clab";"Ringhals 3";"17x17";"0E2";3.103;463.6;41628;"7/7/1988";;6390;567.7;;"PWR"
"Clab";"Ringhals 3";"17x17";"0E2";3.103;463.6;41628;"7/7/1988";;7826;522.5;;"PWR"
"Clab";"Ringhals 3";"17x17";"0E2";3.103;463.6;41628;"7/7/1988";;7837;525.6;;"PWR"
"Clab";"Ringhals 3";"17x17";"0E2";3.103;463.6;41628;"7/7/1988";;7970;520.1;;"PWR"
"Clab";"Ringhals 3";"17x17";"5F2";3.425;451.7;47444;;;5332;673.6;;"PWR"
"Clab";"Ringhals 3";"17x17";"5F2";3.425;451.7;47444;;;6803;610.8;;"PWR"
"Clab";"Ringhals 2";"15x15";"F14";3.197;436.38;34009;"4/28/1983";;8306;370.2;;"PWR"
"Clab";"Ringhals 2";"15x15";"I24";3.203;429.6;34294;"4/30/1986";;7203;388.1;;"PWR"
"Clab";"Ringhals 2";"15x15";"F25";3.197;437.29;35352;"4/28/1983";;8297;386.8;;"PWR"
"Clab";"Ringhals 2";"15x15";"F25";3.197;437.29;35352;"4/28/1983";;9733;356.9;;"PWR"
"Clab";"Ringhals 2";"15x15";"F25";3.197;437.29;35352;"4/28/1983";;9734;365.9;;"PWR"
"Clab";"Ringhals 2";"15x15";"F21";3.197;435.94;36273;"4/13/1984";;7944;400.8;;"PWR"
"Clab";"Ringhals 2";"15x15";"F21";3.197;435.94;36273;"4/13/1984";;9377;378.7;;"PWR"
"Clab";"Ringhals 2";"15x15";"F21";3.197;435.94;36273;"4/13/1984";;9524;374.5;;"PWR"
"Clab";"Ringhals 2";"15x15";"I09";3.203;437.35;40188;"5/12/1988";;6458;487.7;;"PWR"
"Clab";"Ringhals 2";"15x15";"I09";3.203;437.35;40188;"5/12/1988";;7927;452.2;;"PWR"
"Clab";"Ringhals 1";"8x8";"710";2.258;;22617;;;8622;93.11;;"BWR"
"Clab";"Ringhals 1";"8x8";"8341";2.887;;34127;;;6489;154.6;;"BWR"
"Clab";"Ringhals 1";"8x8";"8341";2.887;;34127;;;6815;154.2;;"BWR"
"Clab";"Ringhals 1";"8x8";"8341";2.887;;34127;;;7550;143.4;;"BWR"
"Clab";"Ringhals 1";"8x8";"8338";2.911;177.6;34830;"8/5/1988";;6466;158.1;;"BWR"
"Clab";"Ringhals 1";"8x8";"8338";2.911;177.6;34830;"8/5/1988";;6803;150.6;;"BWR"
"Clab";"Ringhals 1";"8x8";"8332";2.895;177.52;34977;"8/5/1988";;6465;163.2;;"BWR"
"Clab";"Ringhals 1";"8x8";"8332";2.895;177.52;34977;"8/5/1988";;6507;159.3;;"BWR"
"Clab";"Ringhals 1";"8x8";"8332";2.895;177.52;34977;"8/5/1988";;6801;159.6;;"BWR"
"Clab";"Ringhals 1";"8x8";"8331";2.91;177.69;35903;"9/15/1989";;6079;173;;"BWR"
"Clab";"Ringhals 1";"8x8";"8331";2.91;177.69;35903;"9/15/1989";;6402;168.3;;"BWR"
"Clab";"Ringhals 1";"8x8";"6432";2.894;177.52;36861;"8/5/1988";;6425;175.9;;"BWR"
"Clab";"Ringhals 1";"8x8";"6432";2.894;177.52;36861;"8/5/1988";;7521;161.7;;"BWR"
"Clab";"Ringhals 1";"8x8";"6432";2.894;177.52;36861;"8/5/1988";;7526;161.7;;"BWR"
"Clab";"Ringhals 1";"8x8";"6454";2.898;177.68;37236;"8/15/1986";;7150;178.1;;"BWR"
"Clab";"Ringhals 1";"8x8";"8327";2.904;177.54;37851;"8/6/1991";;5371;184.5;;"BWR"
"Clab";"Ringhals 1";"8x8";"8327";2.904;177.54;37851;"8/6/1991";;5708;184;;"BWR"
"Clab New";"Ringhals 2";"15x15";"AF43";3.701;;45846;;;3387;765;;"PWR"
"Clab New";"Ringhals 2";"15x15";"H10";3.199;;40920;;;10791;404;;"PWR"
"Clab New";"Ringhals 3";"17x17";"0I4";3.426;;39756;;;7782;495.9;;"PWR"
"Clab New";"Ringhals 4";"17x17";"47C";2.803;;40473;;;10626;460;;"PWR"
"Clab New";"Ringhals 2";"15x15";"G12";3.185;;35027;;;11514;357.5;;"PWR"
"Clab New";"Ringhals 2";"15x15";"AI40";4.096;;52630;;;2722;979.3;;"PWR"
"Clab New";"Ringhals 2";"15x15";"AH14";3.925;;49555;;;2721;901.1;;"PWR"
"Clab New";"Ringhals 3";"17x17";"2P2";3.697;;43474;;;6677;574.4;;"PWR"
"Clab New";"Ringhals 4";"17x17";"22C";2.801;;31165;;;11048;331.1;;"PWR"
"Clab New";"Ringhals 4";"17x17";"31Y";3.944;;44483;;;3381;712;;"PWR"
"Clab New";"Ringhals 4";"17x17";"19P";3.704;;40294;;;6278;535;;"PWR"
"Clab New";"Ringhals 3";"17x17";"1C0";3.101;;34019;;;11061;364.8;;"PWR"
"Clab New";"Ringhals 3";"17x17";"1N2";3.505;;40745;;;7035;524.5;;"PWR"
"Clab New";"Ringhals 3";"17x17";"1N5";3.505;;43225;;;5942;577.9;;"PWR"
"Clab New";"Ringhals 3";"17x17";"4N1";3.6;;45658;;;6305;634.9;;"PWR"
"Clab New";"Ringhals 3";"17x17";"2M1";3.502;;28499;;;7404;359.8;;"PWR"
"Clab New";"Ringhals 4";"17x17";"20Z";3.937;;46866;;;3080;785.3;;"PWR"
"Clab New";"Ringhals 4";"17x17";"18Z";3.934;;46873;;;3038;786.2;;"PWR"
"Clab New";"Ringhals 3";"17x17";"2M8";3.601;;40410;;;7404;633.9;;"PWR"
"Clab New";"Ringhals 3";"17x17";"0A8";2.109;;23151;;;7783;267;;"PWR"
"Clab New";"Ringhals 4";"17x17";"22E";3.306;;44375;;;10284;539;;"PWR"
"Clab New";"Ringhals 4";"17x17";"47C";2.803;;40473;;;10626;513;;"PWR"
"Clab New";"Ringhals 4";"17x17";"26E";3.299;;42969;;;10285;520;;"PWR"
"Clab New";"Ringhals 3";"17x17";"4C2";3.101;;34032;;;11061;393;;"PWR"
"Clab New";"Ringhals 3";"17x17";"4A2";2.11;;19607;;;11855;255;;"PWR"
"Clab New";"Ringhals 1";"10x10";"23860";3.144;;46413;2006-08-29;2020-03-01;4933;281;;"BWR"
"Clab New";"Forsmark 3";"10x10";"23959";3.204;;43763;2004-08-17;2020-03-02;5676;268;;"BWR"
"Clab New";"Forsmark 2";"10x10";"20452";3.413;;44360;2002-08-12;2020-03-03;6413;259;;"BWR"
"Clab New";"Forsmark 2";"10x10";"20453";3.415;;41893;2002-08-12;2020-03-04;6414;241;;"BWR"
"Clab New";"Ringhals 1";"10x10";"23861";3.146;;42020;2006-08-29;2020-03-05;4937;249;;"BWR"
"Clab New";"Ringhals 1";"8x8";"4891";2.68;;37946;1985-09-12;2020-03-06;12594;183;;"BWR"
"Clab New";"Forsmark 3";"10x10";"23414";3.154;;41240;2004-08-17;2020-03-07;5681;249;;"BWR"
"Clab New";"Forsmark 3";"10x10";"KU7132";3.147;;39748;2005-05-19;2020-03-08;5407;238;;"BWR"
"Clab New";"Ringhals 1";"10x10";"23865";3.145;;40435;2007-09-07;2020-03-09;5408;242;;"BWR"
"Clab New";"Ringhals 1";"10x10";"23871";3.144;;39495;2006-08-29;2020-03-10;4942;230;;"BWR"
"Clab New";"Forsmark 2";"8x8";"5116";2.325;;31534;1992-08-22;2020-03-11;10063;162;;"BWR"
"Clab New";"Barsebäck 2";"10x10";"22826";2.962;;33506;2005-06-10;2020-03-12;5389;191;;"BWR"
"Clab New";"Barsebäck 2";"10x10";"22795";2.962;;36830;2005-06-10;2020-03-13;5390;216;;"BWR"
"Clab New";"Ringhals 1";"8x8";"1198";2.637;;30432;1985-09-12;2020-03-14;12602;146;;"BWR"
"Clab New";"Forsmark 2";"8x8";"5589";2.32;;29419;1989-08-25;2020-03-15;11160;143;;"BWR"
"Clab New";"Forsmark 2";"8x8";"5585";2.323;;26819;1987-06-11;2020-03-16;11967;126;;"BWR"
"Clab New";"Barsebäck 1";"8x8";"2158";2.779;;32712;1986-07-15;2020-03-17;12299;82;;"BWR"
"Clab New";"Forsmark 2";"8x8";"5091";2.096;;21523;1992-08-22;2020-03-18;10070;108;;"BWR"
"Clab New";"Forsmark 3";"8x8";"10980";2.581;;30815;1989-06-10;2020-03-19;11240;148;;"BWR"
"Clab New";"Barsebäck 2";"10x10";"23174";2.975;;26434;2005-06-10;2020-03-20;5397;142;;"BWR"
"Clab New";"Barsebäck 1";"8x8";"2161";2.779;;27674;1987-07-01;2020-03-21;11952;123;;"BWR"
"Clab New";"Barsebäck 2";"10x10";"23192";2.975;;20406;2005-06-10;2020-03-22;5399;104;;"BWR"
"Clab New";"Barsebäck 2";"10x10";"23195";2.975;;15990;2005-06-10;2020-03-23;5400;78;;"BWR"
"Clab New";"Forsmark 3";"8x8";"10712";1.281;;13316;1987-07-10;2020-03-24;11946;75;;"BWR"
"Clab New";"Forsmark 3";"8x8";"10680";1.284;;9128;1987-07-10;2020-03-25;11947;47;;"BWR"
"Clab New";"Ringhals 4";"17x17";"36AG";3.947;;52520;;;1637;1634;;"PWR"
"Clab New";"Ringhals 4";"17x17";"40AB";3.945;;54938;;;3142;1066;;"PWR"
"Clab New";"Ringhals 4";"17x17";"16AB";3.92;;50287;;;3567;902;;"PWR"
"Clab New";"Ringhals 4";"17x17";"18P";3.708;;50269;;;4925;780;;"PWR"
"Clab New";"Ringhals 4";"17x17";"39N";3.593;;50080;;;7826;679;;"PWR"
"Clab New";"Forsmark 1";"10x10";"KU1331";3.099;;42235;;2017-04-19;717;520;542;"BWR"
"Clab New";"Forsmark 1";"10x10";"KU1332";3.1;;42235;;2017-04-20;718;514;541;"BWR"
"Clab New";"Forsmark 1";"10x10";"KU2143";3.603;;46418;;2017-04-21;719;782;857;"BWR"
"Clab New";"Forsmark 1";"10x10";"KU2144";3.603;;46415;;2017-04-24;722;783;854;"BWR"
"Clab New";"Ringhals 4";"17x17";"10AF";3.892;;48438;;;994;1764;1748;"PWR"
